grad_norm,loss,loss_q0,loss_q1,loss_q2,loss_q3,lr,samples,step
86.24981379246998,19.17422866821289,43.26023907793892,7.372916525444096,9.355964224389261,12.5912313628615,0.0001,512,0
