grad_norm,loss,loss_q0,loss_q1,loss_q2,loss_q3,lr,samples,step
73.8871343708878,14.692712783813477,28.183303497455743,7.388268228787091,9.209895328239158,12.838715595669216,0.0001,512,0
