grad_norm,loss,loss_q0,loss_q1,loss_q2,loss_q3,lr,samples,step
71.91306249586574,13.79033088684082,26.028654272242115,7.289370977241574,9.004225323277133,12.746263593435293,0.0001,512,0
