grad_norm,loss,loss_q0,loss_q1,loss_q2,loss_q3,lr,samples,step
70.86547941286376,13.762838363647461,28.077759312731878,7.386991262435911,9.310806904266139,12.530841272268727,0.0001,512,0
67.65414870993767,10.271362643241886,22.996193383076637,4.524064938644208,5.745527124107144,7.827737241861324,0.0001,51712,100
35.03049627855893,2.9718886351585385,7.239457263165951,1.1508264700160449,1.4678039210160236,2.008295784712503,0.0001,102912,200
14.724250105322461,0.8374269938468935,2.300767462061616,0.26173560921468486,0.3306503820760556,0.453266251592623,0.0001,154112,300
10.349414199281055,0.5377567961812019,1.736412511081025,0.10344567889776458,0.12798379014555153,0.17113832720806754,0.0001,205312,400
7.76571182102044,0.4964645186066628,1.7049171399643839,0.07465328497320639,0.09176086204797881,0.12566260532125426,0.0001,256512,500
